FirstName,LastName,Cin,DriverLicense,Email,Phone,Address
Stephen,Kembry,T03-6161W,24-3283880,skembry0@theglobeandmail.com,212572615669,"Guandiping, 6172 Melvin Way"
Eleanora,Wimlet,A17-9671C,52-7377874,ewimlet1@delicious.com,212527262283,"Buchach, 58 Northfield Trail"
Romonda,Wilderspoon,A50-4530P,54-9376419,rwilderspoon2@techcrunch.com,212561317656,"Caldas, 6739 Warrior Trail"
Georgi,Patley,A33-7961Z,78-3711628,gpatley3@mail.ru,212602209805,"Marína, 76205 Vernon Trail"
Robbert,Coie,F93-8897U,85-9794282,rcoie4@gov.uk,212658303574,"Velyki Sorochyntsi, 42 Annamark Plaza"
Myles,Heazel,P76-0994I,66-4053126,mheazel5@google.fr,212652582414,"Chiba, 24 Clemons Court"
Sargent,Brum,I11-7551W,70-5241814,sbrum6@exblog.jp,212519940566,"Gaya, 714 Nova Road"
Coralie,Smithyman,R15-3390V,42-2477529,csmithyman7@auda.org.au,212690380810,"Zhaojia, 1 Arizona Street"
Dedra,Deverille,K76-6012J,19-6503902,ddeverille8@instagram.com,212591617526,"Karabash, 3313 Meadow Ridge Hill"
Bibby,Nodes,K72-3514S,42-9353430,bnodes9@vistaprint.com,212543871313,"Klumpit, 0 2nd Terrace"
Lavina,Tolan,C42-4696X,14-2478499,ltolana@ebay.com,212585257272,"Bazar-Korgon, 5 Warrior Road"
Belva,Feldbaum,G17-7815N,55-3775990,bfeldbaumb@is.gd,212672251514,"Liutao, 601 Becker Plaza"
Mead,Shalloe,N35-1235R,02-4388132,mshalloec@plala.or.jp,212661706408,"Apalit, 05 Springs Parkway"
Stephannie,Latchford,X84-8077J,21-4785663,slatchfordd@etsy.com,212698792749,"Lianokládhion, 15335 Prairieview Circle"
Fanechka,Negal,K61-0019H,95-8512773,fnegale@bluehost.com,212508789177,"Impendle, 71518 Arapahoe Court"
Rubie,Royds,I13-1854D,15-9766607,rroydsf@weebly.com,212585885529,"Tigre, 57715 Cambridge Alley"
Doe,Brech,F30-0969O,05-2487854,dbrechg@imdb.com,212666202727,"Wilmington, 0863 Nancy Circle"
Devina,Lympany,M75-6502V,67-6441963,dlympanyh@booking.com,212645933953,"Smedjebacken, 4 Ridgeview Street"
Starla,Isaq,D08-4862S,00-8739127,sisaqi@jigsy.com,212621440870,"Orléans, 9 Clove Court"
Arlan,Enderle,T18-0593I,78-5996867,aenderlej@opensource.org,212583973919,"Point Hill, 255 Golf Course Parkway"
Lefty,Duchesne,N43-7298L,54-4996251,lduchesnek@globo.com,212623199296,"Zaytā, 4 Eastwood Parkway"
Alverta,Weerdenburg,I03-6612M,10-9800429,aweerdenburgl@slideshare.net,212592280826,"Bīr Nabālā, 7 Eggendart Drive"
Ailyn,Schaffel,O40-7129I,96-6992404,aschaffelm@aboutads.info,212693624929,"Ostrov, 1412 Algoma Street"
Cindra,Caton,U32-4651L,31-1355126,ccatonn@go.com,212506626752,"Yangjingziwan, 311 Bonner Plaza"
Alexina,Freddi,F07-5667M,03-7716043,afreddio@simplemachines.org,212660726085,"Sukodono, 808 Kipling Hill"
Nathalie,Barnicott,A33-2823G,56-6467711,nbarnicottp@baidu.com,212580209637,"Oakville, 51543 1st Avenue"
Isador,Rigden,H57-2520N,24-1870867,irigdenq@unblog.fr,212546268533,"Barrie, 5 Pond Pass"
Jae,Sidnall,M69-9427N,65-3500125,jsidnallr@prlog.org,212527295362,"Itápolis, 09 Stuart Point"
Camilla,Loram,D48-6433Z,50-6090468,clorams@jalbum.net,212646246781,"Oroquieta, 9159 Village Street"
Barbie,Son,F29-3887G,44-1729007,bsont@fema.gov,212629264352,"Ganyan, 06983 Gina Crossing"
Silvano,Calabry,C16-9873M,27-5145655,scalabryu@intel.com,212573975093,"Byumba, 53 Monica Place"
Timotheus,Dudson,M74-7069A,76-2671243,tdudsonv@list-manage.com,212572090141,"Iturama, 42852 Sunfield Way"
Hansiain,Barber,M95-4725K,24-0192467,hbarberw@arstechnica.com,212577819575,"Quintas, 74 Mariners Cove Pass"
Lorain,Moral,Z32-5906N,76-2537655,lmoralx@etsy.com,212697083710,"Waiholo, 0 Hudson Park"
Cordie,Adacot,M74-6897A,66-9656725,cadacoty@shutterfly.com,212502540832,"Khromtau, 1849 International Park"
Malcolm,Weben,B12-8990O,75-5371748,mwebenz@ebay.com,212690258897,"Woro, 87 Forest Dale Point"
Hillie,Coat,Z06-0629T,82-1654723,hcoat10@wordpress.com,212561285906,"Sámara, 300 Northridge Crossing"
Cross,Wainman,W93-7125B,60-7142087,cwainman11@wikimedia.org,212653485668,"Lille, 79 Knutson Point"
Grange,Donson,D02-3216W,45-9336437,gdonson12@huffingtonpost.com,212661822208,"Phu Loc, 08018 International Hill"
Sondra,Gascoyen,R22-3931R,75-1271392,sgascoyen13@census.gov,212561878912,"Boticas, 62516 Brentwood Trail"
Daryl,Windham,W60-9247A,52-9770407,dwindham14@ucoz.ru,212648019531,"Paamiut, 14 Fieldstone Drive"
Sapphira,Warn,O64-8742V,50-1875301,swarn15@auda.org.au,212512522140,"Kuala Terengganu, 7998 Valley Edge Street"
Molly,Sallier,H03-1831E,31-8066574,msallier16@shutterfly.com,212526794059,"Potrerillos, 3 Cody Park"
Vyky,Gypson,G40-9496D,04-5425951,vgypson17@unicef.org,212677708853,"Hallstahammar, 82514 Nevada Place"
Gipsy,Stranieri,Z21-2988Z,81-8454048,gstranieri18@jiathis.com,212507037753,"Kanzaki, 301 Logan Terrace"
Dorisa,Renne,Z08-1412Y,57-2974675,drenne19@dion.ne.jp,212512889955,"Polazna, 79 Donald Court"
Eddi,Parres,X89-7135R,39-0612955,eparres1a@phoca.cz,212645880348,"Buensuseso, 517 Morrow Plaza"
Ferdinand,Bumby,Z81-6535M,93-7451995,fbumby1b@xrea.com,212630777822,"Shixiang, 363 Welch Way"
Ginnifer,Rickell,V69-2121T,89-3152581,grickell1c@europa.eu,212578098532,"Slovenske Konjice, 44 Hallows Plaza"
Sigmund,Vaud,Q11-5086L,07-7333798,svaud1d@ox.ac.uk,212634474236,"Gwadabawa, 06385 Farwell Trail"
Tamarra,Lawlan,A90-5035O,37-6151770,tlawlan1e@aboutads.info,212694480639,"Buriwutung, 4594 Lake View Parkway"
Andie,Perceval,L07-4304H,82-6135041,aperceval1f@photobucket.com,212576156018,"Dukuhsia, 05 Melby Plaza"
Elonore,Marzelle,T80-0581F,94-1706687,emarzelle1g@ca.gov,212562723410,"Borne Sulinowo, 3 Cherokee Plaza"
Karin,Kemston,F36-6185E,95-2762600,kkemston1h@soundcloud.com,212632227406,"Onsala, 6361 Delaware Road"
Lissy,Mobberley,F91-6733N,27-5718616,lmobberley1i@uiuc.edu,212500259160,"Panambi, 7927 Hauk Alley"
Jackquelin,Cultcheth,B30-4078J,35-1015381,jcultcheth1j@domainmarket.com,212589156019,"Nianyushan, 61 Carberry Junction"
Reinold,Quarrie,C75-4186F,69-2126233,rquarrie1k@cloudflare.com,212590537621,"Bierawa, 8 Del Sol Avenue"
Ingelbert,Ruos,B12-9573B,74-3673937,iruos1l@nymag.com,212554851519,"Líně, 68 Eliot Pass"
Nanine,Henighan,J55-7727Q,23-1126595,nhenighan1m@plala.or.jp,212660014779,"Karlstad, 283 Dahle Street"
Alfie,Brimham,U69-3223Y,88-4712084,abrimham1n@desdev.cn,212629564311,"Yaroslavl, 7 Dottie Parkway"
Athena,Malpass,L05-6101R,38-6299641,amalpass1o@kickstarter.com,212611309972,"Pergan, 4478 Graceland Park"
Cross,Davys,D16-8502B,98-5540644,cdavys1p@java.com,212651549230,"København, 4 Golden Leaf Terrace"
Leeland,Frankom,S67-2116R,11-0920282,lfrankom1q@sourceforge.net,212665947320,"Tío Pujio, 0017 Nelson Lane"
Wendi,Stoke,L57-7098C,87-0302812,wstoke1r@skyrock.com,212592887645,"Laxiong, 5 Toban Hill"
Carlye,Sproule,S94-0023K,56-3781822,csproule1s@mtv.com,212573390291,"Dazi, 689 Northwestern Alley"
Clair,Nussey,A08-6320W,84-6731226,cnussey1t@sina.com.cn,212631875878,"Marapanim, 472 Eliot Trail"
Rudiger,Kapelhoff,C93-2458H,70-5856201,rkapelhoff1u@ibm.com,212685778707,"Barão de São Miguel, 17807 Del Sol Trail"
Shay,Insley,H00-7250N,36-8878696,sinsley1v@bbb.org,212663799857,"Bergvliet, 7 Northwestern Circle"
Judon,Flipek,O51-2636P,80-0508794,jflipek1w@google.com.hk,212521667705,"Qiangtou, 77 Ryan Court"
Edie,Van Cassel,H05-6873O,59-0242682,evancassel1x@china.com.cn,212564178427,"Cajuru, 6 Di Loreto Road"
Francisco,Gabbett,S64-7721B,02-8131738,fgabbett1y@woothemes.com,212561499556,"Krajan, 58290 Kenwood Plaza"
Leila,Thomson,E48-4902F,72-9689087,lthomson1z@wikimedia.org,212534708480,"Xindian, 934 Mayfield Parkway"
Tamqrah,Gilmore,W88-6237H,23-4201762,tgilmore20@goo.ne.jp,212629515155,"Ventspils, 5 Shelley Circle"
Erika,Prayer,Y63-9375F,73-2041614,eprayer21@dropbox.com,212590414161,"Zamoskvorech’ye, 5162 Daystar Park"
Chauncey,Prendiville,U87-0494R,34-0211622,cprendiville22@soup.io,212523649196,"Niort, 23930 John Wall Center"
Janetta,Rasper,T81-8476E,83-3181018,jrasper23@wordpress.org,212626795083,"Nanlu, 32 Chinook Court"
Trey,Ewles,N78-2080H,35-4719076,tewles24@unicef.org,212501547019,"Madur, 4501 Forest Drive"
Nevile,Obispo,D24-3337W,24-8921940,nobispo25@europa.eu,212508516424,"Taojiahe, 77 Bashford Terrace"
Amelina,Dudman,T41-8885Q,79-4580203,adudman26@microsoft.com,212524534511,"Santana do Paraíso, 61543 Mesta Circle"
Osmund,Beisley,E27-8106Q,18-0432850,obeisley27@ft.com,212568756426,"Puerto Madryn, 7 Hazelcrest Avenue"
Alain,Atherley,M48-3011K,91-7958663,aatherley28@nymag.com,212554990043,"Xixiang, 31 Becker Terrace"
Gerrard,Andrini,D39-9363N,44-7907194,gandrini29@edublogs.org,212674371824,"Bagou, 2145 Texas Place"
Shawn,Ever,Y26-2249H,35-1157077,sever2a@statcounter.com,212640535009,"Haoba, 62 Nancy Circle"
Matilde,de Glanville,X15-9711B,86-9886723,mdeglanville2b@hubpages.com,212575641748,"Karangpocok, 63879 Thierer Alley"
Ingeborg,Cowley,E94-2778O,93-4227565,icowley2c@cargocollective.com,212654895792,"Valle Grande, 1 Sutherland Trail"
Niki,Beggi,U73-0257T,17-3761347,nbeggi2d@europa.eu,212589581349,"São Bento, 8 Utah Parkway"
Coriss,Tonna,L75-8537O,40-0545273,ctonna2e@sun.com,212673661435,"Ban Bang Kadi Pathum Thani, 85463 Westridge Point"
Philis,Syphas,V95-8470R,95-6015856,psyphas2f@slashdot.org,212556053794,"Vredefort, 9 Pearson Pass"
Kimberli,O'Hogertie,J24-3333S,25-7737800,kohogertie2g@godaddy.com,212521827631,"Jinxiang, 02 Rutledge Parkway"
Amye,Dymidowicz,Q84-6060G,14-1626530,adymidowicz2h@lulu.com,212563712331,"Myski, 5 Prentice Plaza"
Violante,Pentland,Q72-6781E,35-9715133,vpentland2i@msn.com,212681890499,"Ogurugu, 558 Independence Lane"
Kathi,Peattie,C31-8406U,03-4533440,kpeattie2j@dion.ne.jp,212584533924,"Tierralta, 43388 Sloan Alley"
Drusie,Harridge,Y54-9270A,65-5996638,dharridge2k@weather.com,212523390680,"Talhār, 583 Roth Court"
Jacquie,Bridat,U45-5997F,27-7312951,jbridat2l@sogou.com,212552198959,"Węgrzce Wielkie, 086 Caliangt Trail"
Gayel,Duferie,Z51-4549V,07-8163925,gduferie2m@a8.net,212512309095,"Xichangmen, 33292 Declaration Road"
Cordula,McAnalley,X73-2400D,31-4567962,cmcanalley2n@toplist.cz,212560245612,"Balite, 449 Towne Hill"
Fleming,Kira,G46-1830W,04-5762942,fkira2o@dion.ne.jp,212521162614,"Sveg, 0 Esch Road"
Susanna,Coyish,A66-4544D,28-7245184,scoyish2p@vistaprint.com,212587007380,"Vysotsk, 75957 Arizona Point"
Naoma,Dowty,G73-6952T,54-3766911,ndowty2q@studiopress.com,212593880593,"Kiffa, 63 Pine View Park"
Shea,Singleton,G18-0706B,29-1021947,ssingleton2r@loc.gov,212679482745,"Chicama, 4 Becker Avenue"
Megan,Titheridge,Q46-9086T,54-0722524,mtitheridge2s@google.com.br,212613630398,"Vertientes, 7 3rd Junction"
Abbye,Bortol,P63-1224Z,15-7015587,abortol2t@dagondesign.com,212636504426,"Cinangka, 25 Dunning Park"
Florance,McKelvey,G60-9420P,19-9841359,fmckelvey2u@aboutads.info,212532920043,"Putrajaya, 1 Lakeland Pass"
Emalia,Immer,E23-2570M,08-8028609,eimmer2v@thetimes.co.uk,212628602561,"Santa Maria da Feira, 8 Homewood Point"
Joane,Hollyer,O10-5343B,84-3275889,jhollyer2w@opera.com,212614396793,"Layog, 2860 Union Center"
Weidar,Mattei,Y27-9474W,29-1688774,wmattei2x@amazon.co.uk,212645566736,"Petushki, 5334 Corscot Center"
Merla,Fassmann,L91-8546Q,83-3637739,mfassmann2y@blinklist.com,212554639213,"Tengah, 91286 Milwaukee Terrace"
Curtice,Pimblotte,S28-0348Z,01-7011264,cpimblotte2z@netlog.com,212539431892,"Yiliu, 3595 Reindahl Park"
Belva,Gomez,H75-8974O,35-2668129,bgomez30@cargocollective.com,212644194733,"Peñarrubia, 2 Knutson Trail"
Zitella,Barney,P84-1971O,87-7445915,zbarney31@opera.com,212609466850,"Toliara, 1 Golden Leaf Street"
Brice,Ducket,F04-6504O,98-3294559,bducket32@canalblog.com,212672029916,"Liulin, 460 Everett Crossing"
Titos,Dealey,Z08-2547S,85-2127446,tdealey33@shareasale.com,212579991845,"Sigou, 03109 Southridge Lane"
Gal,Linneman,O27-4279T,92-0743803,glinneman34@kickstarter.com,212597062230,"Tungol, 2 Colorado Street"
Gerick,Gorgl,V68-6059K,84-8722820,ggorgl35@yellowpages.com,212604183056,"Tuanfeng, 24 Di Loreto Trail"
Tandy,Stanning,R49-4122C,59-6739015,tstanning36@cnn.com,212581853429,"Zhoushan, 8 Muir Lane"
Binnie,Krojn,T88-9539W,11-0975664,bkrojn37@samsung.com,212507554011,"Garoua Boulaï, 545 Manitowish Circle"
Janella,Trenbay,H15-8414X,83-7305845,jtrenbay38@macromedia.com,212613534399,"Daciyao, 819 Bunting Park"
Cristine,Gallon,D26-3739X,42-2168382,cgallon39@ucla.edu,212637285719,"Moya, 989 Maryland Avenue"
Augustus,Blumsom,C90-8582X,27-6946230,ablumsom3a@ycombinator.com,212670030819,"Santa Rita, 931 Prentice Place"
Aluino,Aseef,B73-6194D,93-5486698,aaseef3b@gov.uk,212592398510,"Pujocucho, 92147 Clemons Alley"
Sherye,Vahl,R69-9739R,54-0977007,svahl3c@dailymotion.com,212685132882,"Pulau Pinang, 79319 New Castle Alley"
Teodorico,Pitfield,B31-1826Q,98-0065557,tpitfield3d@privacy.gov.au,212672969033,"Maple Plain, 4 Sachs Park"
Renard,Holstein,M03-6797U,36-5418191,rholstein3e@psu.edu,212655722858,"Kirkland Lake, 23 Cardinal Road"
Sallie,Kimbrey,X37-6274T,11-9120467,skimbrey3f@1und1.de,212511599215,"Dongpu, 7 6th Drive"
Hayyim,Erskine,M22-9535A,71-8281031,herskine3g@simplemachines.org,212577652089,"Huruta, 83603 Northland Lane"
Reeva,Bossom,I82-8925S,56-7915471,rbossom3h@webeden.co.uk,212572767248,"Little Current, 612 Village Green Court"
Merl,Kellard,G21-8424Z,72-4411559,mkellard3i@psu.edu,212555517409,"Ngembak, 98 Moland Alley"
Jermayne,Kleinhausen,P32-8871N,26-6207778,jkleinhausen3j@hhs.gov,212611893888,"Cidamar, 869 Fulton Drive"
Rozamond,Larose,T69-4673C,64-5297318,rlarose3k@jalbum.net,212601191371,"As Sūsah, 794 Autumn Leaf Parkway"
Rip,Chrisp,D17-5694Z,73-4878909,rchrisp3l@walmart.com,212576146540,"Ordzhonikidzevskaya, 2101 Eastlawn Place"
Elvira,Jaouen,U49-6115A,80-9224352,ejaouen3m@answers.com,212673096152,"Guisguis, 21812 Spenser Junction"
Jammal,Geany,Q25-4571N,92-3471703,jgeany3n@facebook.com,212651508014,"Kebonkalapa, 84 Westridge Circle"
Bevin,Heibl,U86-6467N,36-9256650,bheibl3o@booking.com,212671167075,"Sv. Trojica v Slov. Goricah, 75599 Southridge Alley"
Neil,Trout,D73-1698E,89-0363660,ntrout3p@vinaora.com,212685735153,"Baizhu, 36739 Village Lane"
Prudence,Caulliere,N38-9257U,74-3847020,pcaulliere3q@oracle.com,212548101697,"Moate, 2490 Corry Drive"
Maribelle,Stummeyer,G34-3359O,94-7905745,mstummeyer3r@apple.com,212632047391,"Zbąszynek, 27367 Messerschmidt Point"
Eleanor,Nortunen,D88-6594C,01-2957554,enortunen3s@artisteer.com,212503855164,"Bojongsari, 5304 Green Place"
Hattie,McEvay,W71-5476U,78-6041893,hmcevay3t@ucsd.edu,212577615187,"Guangshan, 8308 Service Terrace"
Janette,Delyth,B45-9899J,34-4795837,jdelyth3u@issuu.com,212670717666,"Mirosławiec, 477 Pawling Center"
Si,Taberner,E94-5263Q,49-5101913,staberner3v@theglobeandmail.com,212650960504,"Austin, 4658 Talisman Way"
Antoinette,Starcks,C16-9215G,07-6567258,astarcks3w@g.co,212680695962,"Pasar Kidul, 2002 Lakewood Place"
Woody,Heinschke,S52-0673D,92-9485898,wheinschke3x@pagesperso-orange.fr,212630955368,"Skatepark, 5844 Bonner Trail"
Clemence,Stannislawski,X47-3642Z,75-4665641,cstannislawski3y@yelp.com,212581064770,"Bousso, 3 Carey Lane"
Juliette,Buncom,H00-9053M,89-0942405,jbuncom3z@t-online.de,212672667135,"Santo Amaro da Imperatriz, 19 Drewry Center"
Claus,Banger,S89-8950N,66-9624971,cbanger40@dyndns.org,212655520011,"Tarouca, 3913 Vernon Street"
Welbie,Cayle,N05-4575N,43-1613481,wcayle41@domainmarket.com,212583032923,"Jingchuan, 92330 Bultman Circle"
Brendan,Bearman,O15-4885M,46-5408484,bbearman42@cnbc.com,212657372673,"Bariri, 43016 Garrison Park"
Allin,Bradnick,G50-2679S,53-4644282,abradnick43@dailymail.co.uk,212624001861,"Yarmolyntsi, 188 Drewry Way"
Doy,Colter,L35-7481Y,27-6040357,dcolter44@marriott.com,212579485235,"Fengping, 17 Birchwood Drive"
Nikolaus,Scardafield,M45-4582Q,76-5630653,nscardafield45@virginia.edu,212609015913,"Šibenik, 5 Westend Lane"
Binky,St. Paul,F53-2145C,90-1471046,bstpaul46@github.com,212645090569,"Sinanju, 39 Almo Parkway"
Marleah,Houseley,P85-9907L,58-0283497,mhouseley47@purevolume.com,212665219493,"Woloara, 2 Mcguire Road"
Tobit,Knightsbridge,T07-0805S,63-7151061,tknightsbridge48@studiopress.com,212699491995,"Jiangkou, 0 Dahle Terrace"
Pate,Silversmid,W33-0631L,80-1265070,psilversmid49@who.int,212600132286,"Białołeka, 390 Holy Cross Avenue"
Artemas,Crichmer,A68-4751S,25-1941756,acrichmer4a@mapquest.com,212572093851,"Balice, 178 Eagle Crest Parkway"
Reuven,Bridgens,Z79-3360S,58-3765719,rbridgens4b@sina.com.cn,212564940742,"Ete, 9045 Arrowood Lane"
Aldwin,Pirazzi,A09-3570F,19-6004085,apirazzi4c@seattletimes.com,212697852432,"Cahors, 02177 Union Terrace"
Kaspar,Jensen,H29-9636V,77-9814700,kjensen4d@shop-pro.jp,212694867784,"Qal‘ah-ye Na‘īm, 6749 Hagan Place"
Karlen,Thorneywork,V17-9422B,80-2966468,kthorneywork4e@mapy.cz,212647342037,"San José de Barlovento, 15625 Homewood Terrace"
Rorie,Fontaine,R23-7696Y,52-6024697,rfontaine4f@fastcompany.com,212584906886,"Shenavan, 384 8th Hill"
Shanan,Duggen,S00-7165J,12-6346774,sduggen4g@epa.gov,212641792084,"Makrochóri, 57713 International Drive"
Tiffany,Minchindon,Z96-1327A,45-4376027,tminchindon4h@theatlantic.com,212596693844,"Cruz del Eje, 5113 Morrow Circle"
Jobie,Chupin,B93-7760Y,87-1651737,jchupin4i@chronoengine.com,212647566546,"Calzada Larga, 83 Canary Center"
Agnes,Vale,G35-5048E,63-4069124,avale4j@qq.com,212625300383,"Kemil, 2 Carberry Crossing"
Imogen,MacNamee,B99-3945K,67-5205461,imacnamee4k@dmoz.org,212620161401,"Nagu, 282 Briar Crest Park"
Tucker,Gabler,Z38-4887H,59-0466123,tgabler4l@marriott.com,212689407605,"Bang Kho Laem, 02 Kinsman Road"
Elvyn,Dougharty,H78-3044S,56-6314350,edougharty4m@posterous.com,212561214753,"Conde, 7561 Haas Court"
Nels,Hulme,A36-6303C,19-5598452,nhulme4n@netlog.com,212571098859,"Zhanghekou, 9583 Straubel Lane"
Dorri,Purslow,D60-1902D,78-9654725,dpurslow4o@gizmodo.com,212604189182,"Shuangqiao, 86846 Hovde Way"
Marjy,Stearns,Z68-2985C,01-0011694,mstearns4p@rakuten.co.jp,212666790481,"Kokotów, 74 Burning Wood Crossing"
Kalvin,Curado,J48-9163L,05-1828851,kcurado4q@mediafire.com,212690902246,"Bergvliet, 0087 Schurz Road"
Langston,Ricardou,Q58-7544D,27-2323066,lricardou4r@webeden.co.uk,212547717789,"Chandler, 009 Kenwood Terrace"
Devin,Kopfer,J40-2834E,96-2544094,dkopfer4s@ihg.com,212561064227,"Ngurensiti, 6425 Chive Hill"
Luca,Nicholson,U51-1559D,33-6885853,lnicholson4t@chron.com,212562377216,"Razgrad, 10811 Donald Center"
Fitz,Gaddesby,Y88-0335X,12-0662778,fgaddesby4u@sohu.com,212652057945,"Bulri, 1833 Maywood Court"
Nevile,Kittel,X21-4229S,13-0213999,nkittel4v@naver.com,212657498052,"Triánta, 10213 Sheridan Plaza"
Jacobo,Bramwell,O08-0594Z,61-8814509,jbramwell4w@posterous.com,212532515695,"Karlskoga, 4115 Brentwood Terrace"
Cornelle,Whartonby,J89-8859U,02-8045406,cwhartonby4x@netvibes.com,212611565721,"Shanmu, 38 Center Junction"
Hali,Balston,L56-2010V,90-2926033,hbalston4y@msu.edu,212549916030,"Rouyuan, 10 Hagan Way"
May,Sutty,Q66-1435Y,75-3548505,msutty4z@sbwire.com,212506282101,"La Roche-sur-Yon, 37156 Dahle Park"
Reider,Beldon,J65-1338F,77-3579327,rbeldon50@intel.com,212540666797,"Plavy, 56014 Calypso Pass"
Waverly,Skittles,D78-7779D,44-6730358,wskittles51@businessweek.com,212514387820,"Pavshino, 14651 Springs Junction"
Brittney,Grassot,P04-0213I,03-0593082,bgrassot52@dailymail.co.uk,212607742463,"Punat, 9 Debra Hill"
Fredrika,Ingleby,N99-8877L,78-2665260,fingleby53@hao123.com,212502468044,"Qunsheng, 90 Blackbird Junction"
Kaylil,Jados,L45-2615A,71-1952920,kjados54@google.com.hk,212572297331,"Waiklibang, 90779 3rd Terrace"
Parsifal,Venediktov,J53-7303H,27-4256510,pvenediktov55@ox.ac.uk,212646603746,"Cahors, 0 Golf Course Plaza"
Claude,Kennler,S03-6542U,49-2474468,ckennler56@barnesandnoble.com,212579724057,"Francisco Beltrão, 2717 Schiller Junction"
Mohammed,Babbage,D95-5084F,06-5108803,mbabbage57@meetup.com,212662201059,"Sobang, 05739 Jackson Plaza"
Becki,Bolger,F36-3138D,71-1949555,bbolger58@admin.ch,212699070639,"Ziguinchor, 79 Cottonwood Crossing"
Brady,Jordi,X76-5203D,21-6754308,bjordi59@amazon.co.jp,212637568854,"Na Wa, 66 Clemons Avenue"
Alex,Hyndson,E18-9852O,70-3603756,ahyndson5a@1688.com,212699284247,"Georgiyevka, 78771 Delaware Trail"
Aldrich,Cyples,U46-9158Y,77-2606056,acyples5b@webmd.com,212570158072,"La Caleta Culebras, 968 Meadow Valley Avenue"
Dusty,Stearnes,F29-5308Q,50-6266859,dstearnes5c@webmd.com,212509214401,"Mambago, 523 Arizona Road"
Dicky,Kettley,Z86-5350F,48-3921103,dkettley5d@t.co,212528608261,"Sapphaya, 96500 Monica Park"
Heindrick,Puttergill,O65-9633P,87-0538984,hputtergill5e@aol.com,212500757427,"Fengle, 66092 Arapahoe Park"
Angelita,Torrisi,L63-5735T,51-2617277,atorrisi5f@unc.edu,212642474947,"Abidjan, 90 Magdeline Center"
Cody,Edson,J56-6108K,29-4411752,cedson5g@bloomberg.com,212560676133,"Suphan Buri, 411 Stang Center"
Pippa,Leagas,C95-7171N,47-3384752,pleagas5h@ox.ac.uk,212639452057,"Borzęcin, 83 Weeping Birch Street"
Mari,Davidovicz,E55-5759R,19-7784792,mdavidovicz5i@hc360.com,212527571618,"Llusco, 553 Onsgard Center"
Ronica,Clarke-Williams,D45-2017A,13-1979376,rclarkewilliams5j@geocities.jp,212626549991,"Beitai, 758 Farmco Court"
